
University of Cambridge
	Shortened Name: Cambridge
	Departments:
		
		Chemistry: Department of Chemistry
		Computing Science: Faculty of Computing Science
		Earth Sciences: Faculty of Earth Science & Geography
		Engineering: Faculty of Engineering
		Physics: Department of Physics

		Philosophy: Faculty of Philosophy
		English Literature: Faculty of English Language and Literature
		Music: Faculty of Music

		Biochemistry: Department of Biochemistry
		Medicine: Department of Medicine
		Psychiatry: Department of Psychiatry

		Law: Faculty of Law
		Economics: Department of Economics

University of Oxford
	Shortened Name: Oxford
	Departments:
		Maths: Mathematical Institute
		Chemistry: Department of Chemistry
		Computing Science: Department of Computing Science
		Earth Sciences: Department of Earth Science
		Engineering: Department of Engineering Science
		Physics: Department of Physics

		Philosophy: Faculty of Philosophy
		English Literature: Faculty of English Language and Literature
		Music: Faculty of Music

		Biochemistry: Department of Biochemistry
		Medicine: Radcliffe Department of Medicine
		Psychiatry: Department of Psychiatry

		Law: Faculty of Law
		Economics: Department of Economics

University of Glasgow
	Shortened Name: Glasgow
	Departments:
		Maths: School of Mathematics and Statistics
		Chemistry: School of Chemistry
		Computing Science: School of Computing Science
		Earth Sciences: School of Geographical and Earth Science
		Engineering: School of Engineering
		Physics: School of Physics

		Philosophy: Faculty of Philosophy
		English Literature: School of English Literature
		Music: School of Music

		Biochemistry: /Does Not Exist/
		Medicine: School of Medicine
		Psychiatry: School of Psychiatry

		Law: School of Law
		Economics: School of Economics

////////////////////////^ ^ Unique Departments ^ ^/////////////////////////////////////////////
///////////////////////\/\/ Generic Departments \/\///////////////////////////////////////////

University of Nottingham 
	Shortened Name: Nottingham
	Departments:
		Maths: Department of Maths
		Chemistry: Department of Chemistry
		Computing Science: Department of Computing Science
		Earth Sciences: Department of Earth Science
		Engineering: Department of Engineering
		Physics: Department of Physics

		Philosophy: Department of Philosophy
		English Literature: Department of English Literature
		Music: Department of Music

		Biochemistry: Department of Biochemistry
		Medicine: Department of Medicine
		Psychiatry: Department of Psychiatry

		Law: Department of Law
		Economics: Department of Economics

University of Warick
	Shortened Name: Warick
	Departments:
		Maths: Department of Maths
		Chemistry: Department of Chemistry
		Computing Science: Department of Computing Science
		Earth Sciences: Department of Earth Science
		Engineering: Department of Engineering
		Physics: Department of Physics

		Philosophy: Department of Philosophy
		English Literature: Department of English Literature
		Music: Department of Music

		Biochemistry: Department of Biochemistry
		Medicine: Department of Medicine
		Psychiatry: Department of Psychiatry

		Law: Department of Law
		Economics: Department of Economics

University of Sheffield
	Shortened Name: Sheffield
	Departments:
		Maths: Department of Maths
		Chemistry: Department of Chemistry
		Computing Science: Department of Computing Science
		Earth Sciences: Department of Earth Science
		Engineering: Department of Engineering
		Physics: Department of Physics

		Philosophy: Department of Philosophy
		English Literature: Department of English Literature
		Music: Department of Music

		Biochemistry: Department of Biochemistry
		Medicine: Department of Medicine
		Psychiatry: Department of Psychiatry

		Law: Department of Law
		Economics: Department of Economics

University of Birmingham
	Shortened Name: Birmingham
	Departments:
		Maths: Department of Maths
		Chemistry: Department of Chemistry
		Computing Science: Department of Computing Science
		Earth Sciences: Department of Earth Science
		Engineering: Department of Engineering
		Physics: Department of Physics

		Philosophy: Department of Philosophy
		English Literature: Department of English Literature
		Music: Department of Music

		Biochemistry: Department of Biochemistry
		Medicine: Department of Medicine
		Psychiatry: Department of Psychiatry

		Law: Department of Law
		Economics: Department of Economics

University of Leeds
	Shortened Name: Leeds
	Departments:
		Maths: Department of Maths
		Chemistry: Department of Chemistry
		Computing Science: Department of Computing Science
		Earth Sciences: Department of Earth Science
		Engineering: Department of Engineering
		Physics: Department of Physics

		Philosophy: Department of Philosophy
		English Literature: Department of English Literature
		Music: Department of Music

		Biochemistry: Department of Biochemistry
		Medicine: Department of Medicine
		Psychiatry: Department of Psychiatry

		Law: Department of Law
		Economics: Department of Economics

University of Durham
	Shortened Name: Durham
	Departments:
		Maths: Department of Maths
		Chemistry: Department of Chemistry
		Computing Science: Department of Computing Science
		Earth Sciences: Department of Earth Science
		Engineering: Department of Engineering
		Physics: Department of Physics

		Philosophy: Department of Philosophy
		English Literature: Department of English Literature
		Music: Department of Music

		Biochemistry: Department of Biochemistry
		Medicine: Department of Medicine
		Psychiatry: Department of Psychiatry

		Law: Department of Law
		Economics: Department of Economics

University of Edinburgh
	Shortened Name: Edinburgh
	Departments:
		Maths: Department of Maths
		Chemistry: Department of Chemistry
		Computing Science: Department of Computing Science
		Earth Sciences: Department of Earth Science
		Engineering: Department of Engineering
		Physics: Department of Physics

		Philosophy: Department of Philosophy
		English Literature: Department of English Literature
		Music: Department of Music

		Biochemistry: Department of Biochemistry
		Medicine: Department of Medicine
		Psychiatry: Department of Psychiatry

		Law: Department of Law
		Economics: Department of Economics

University of Aberdeen
	Shortened Name: Aberdeen
	Departments:
		Maths: Department of Maths
		Chemistry: Department of Chemistry
		Computing Science: Department of Computing Science
		Earth Sciences: Department of Earth Science
		Engineering: Department of Engineering
		Physics: Department of Physics

		Philosophy: Department of Philosophy
		English Literature: Department of English Literature
		Music: Department of Music

		Biochemistry: Department of Biochemistry
		Medicine: Department of Medicine
		Psychiatry: Department of Psychiatry

		Law: Department of Law
		Economics: Department of Economics


University of St Andrews
	Shortened Name: St Andrews
	Departments:
		Maths: Department of Maths
		Chemistry: Department of Chemistry
		Computing Science: Department of Computing Science
		Earth Sciences: Department of Earth Science
		Engineering: Department of Engineering
		Physics: Department of Physics

		Philosophy: Department of Philosophy
		English Literature: Department of English Literature
		Music: Department of Music

		Biochemistry: Department of Biochemistry
		Medicine: Department of Medicine
		Psychiatry: Department of Psychiatry

		Law: Department of Law
		Economics: Department of Economics

University of Manchester
	Shortened Name: Manchester
	Departments:
		Maths: Department of Maths
		Chemistry: Department of Chemistry
		Computing Science: Department of Computing Science
		Earth Sciences: Department of Earth Science
		Engineering: Department of Engineering
		Physics: Department of Physics

		Philosophy: Department of Philosophy
		English Literature: Department of English Literature
		Music: Department of Music

		Biochemistry: Department of Biochemistry
		Medicine: Department of Medicine
		Psychiatry: Department of Psychiatry

		Law: Department of Law
		Economics: Department of Economics

University of Westminster
	Shortened Name: Westminister
	Departments:
		Maths: Department of Maths
		Chemistry: Department of Chemistry
		Computing Science: Department of Computing Science
		Earth Sciences: Department of Earth Science
		Engineering: Department of Engineering
		Physics: Department of Physics

		Philosophy: Department of Philosophy
		English Literature: Department of English Literature
		Music: Department of Music

		Biochemistry: Department of Biochemistry
		Medicine: Department of Medicine
		Psychiatry: Department of Psychiatry

		Law: Department of Law
		Economics: Department of Economics

University of Bath
	Shortened Name: Bath
	Departments:
		Maths: Department of Maths
		Chemistry: Department of Chemistry
		Computing Science: Department of Computing Science
		Earth Sciences: Department of Earth Science
		Engineering: Department of Engineering
		Physics: Department of Physics

		Philosophy: Department of Philosophy
		English Literature: Department of English Literature
		Music: Department of Music

		Biochemistry: Department of Biochemistry
		Medicine: Department of Medicine
		Psychiatry: Department of Psychiatry

		Law: Department of Law
		Economics: Department of Economics

University of Salford
	Shortened Name: Salford
	Departments:
		Maths: Department of Maths
		Chemistry: Department of Chemistry
		Computing Science: Department of Computing Science
		Earth Sciences: Department of Earth Science
		Engineering: Department of Engineering
		Physics: Department of Physics

		Philosophy: Department of Philosophy
		English Literature: Department of English Literature
		Music: Department of Music

		Biochemistry: Department of Biochemistry
		Medicine: Department of Medicine
		Psychiatry: Department of Psychiatry

		Law: Department of Law
		Economics: Department of Economics

Caledonian University
	Shortened Name: Caledonian
	Departments:
		Maths: Department of Maths
		Chemistry: Department of Chemistry
		Computing Science: Department of Computing Science
		Earth Sciences: Department of Earth Science
		Engineering: Department of Engineering
		Physics: Department of Physics

		Philosophy: Department of Philosophy
		English Literature: Department of English Literature
		Music: Department of Music

		Biochemistry: Department of Biochemistry
		Medicine: Department of Medicine
		Psychiatry: Department of Psychiatry

		Law: Department of Law
		Economics: Department of Economics

Robert Gordon University
	Shortened Name: Robert
		Maths: Department of Maths
		Chemistry: Department of Chemistry
		Computing Science: Department of Computing Science
		Earth Sciences: Department of Earth Science
		Engineering: Department of Engineering
		Physics: Department of Physics

		Philosophy: Department of Philosophy
		English Literature: Department of English Literature
		Music: Department of Music

		Biochemistry: Department of Biochemistry
		Medicine: Department of Medicine
		Psychiatry: Department of Psychiatry

		Law: Department of Law
		Economics: Department of Economics

University of Cardiff
	Shortened Name: Cardiff
	Departments:
		Maths: Department of Maths
		Chemistry: Department of Chemistry
		Computing Science: Department of Computing Science
		Earth Sciences: Department of Earth Science
		Engineering: Department of Engineering
		Physics: Department of Physics

		Philosophy: Department of Philosophy
		English Literature: Department of English Literature
		Music: Department of Music

		Biochemistry: Department of Biochemistry
		Medicine: Department of Medicine
		Psychiatry: Department of Psychiatry

		Law: Department of Law
		Economics: Department of Economics

University of Swansea
	Shortened Name: Swansea
	Departments:
		Maths: Department of Maths
		Chemistry: Department of Chemistry
		Computing Science: Department of Computing Science
		Earth Sciences: Department of Earth Science
		Engineering: Department of Engineering
		Physics: Department of Physics

		Philosophy: Department of Philosophy
		English Literature: Department of English Literature
		Music: Department of Music

		Biochemistry: Department of Biochemistry
		Medicine: Department of Medicine
		Psychiatry: Department of Psychiatry

		Law: Department of Law
		Economics: Department of Economics